0,0,1,0,0,0,0,0,0,0,0,0,0,0,0,0,0,0,1,0.8877419355,0.2615437629,0.8055588131999999,0.08912655970000001,0.6463022508,0.3647058824,0.4,0.0,0.0
0,0,1,0,0,0,0,0,0,0,0,0,0,0,1,0,0,0,0,0.9741935484,0.400068918,0.6722176615000001,0.1960784314,0.6977491961,0.3058823529,0.2,0.0,0.0073521323
0,0,1,0,0,0,0,0,0,0,0,0,0,0,1,0,0,0,0,0.9741935484,0.400068918,0.6722176615000001,0.1960784314,0.6173633440999999,0.3411764706,0.2555555556,0.0,0.0006233728
0,0,1,0,0,0,0,0,0,0,0,0,0,0,1,0,0,0,0,0.9432258065000001,0.5851137147,0.8026269497,0.24420677359999998,0.5916398714,0.5176470588000001,0.055555555599999994,0.0,0.0
0,0,1,0,0,0,0,0,0,0,0,0,0,0,1,0,0,0,0,0.9432258065000001,0.5851137147,0.8026269497,0.24420677359999998,0.6913183279999999,0.2941176471,0.1555555556,0.0,0.0012650800999999998
0,0,1,0,0,0,0,0,0,0,0,0,0,0,0,0,1,0,0,0.9664516129,0.33356306,0.6263633165,0.256684492,0.8392282958,0.2,0.4,0.0,0.0081130138
0,0,1,0,0,0,0,0,0,0,0,0,1,0,0,0,0,0,0,0.9406451613,0.383528601,0.6627184238,0.1586452763,0.2893890675,0.8117647059,0.8,0.0,0.0030251915999999998
0,0,1,0,0,0,0,0,0,0,0,0,1,0,0,0,0,0,0,0.9406451613,0.383528601,0.6627184238,0.1586452763,0.6173633440999999,0.3176470588,0.3,0.0,0.0038960801
0,0,1,0,0,0,0,0,0,0,0,0,1,0,0,0,0,0,0,0.9341935484,0.4824259132,0.7285094406,0.1265597148,0.5498392283,0.2823529412,0.3555555556,0.0,0.0014300906
0,0,1,0,0,0,0,0,0,0,0,0,1,0,0,0,0,0,0,0.9754838709999999,0.5737422467000001,0.7933622611,0.23172905530000001,0.6302250804,0.44705882350000004,0.3,0.0,0.0059953797
0,0,1,0,0,0,0,0,0,0,0,0,0,1,0,0,0,0,0,0.9677419355,0.34838042729999996,0.6360971033,0.2602495544,0.6398713826,0.4588235294,0.8,0.0,0.0007242125
0,0,1,0,0,0,0,0,0,0,0,0,0,1,0,0,0,0,0,0.9754838709999999,0.450034459,0.7027090418999999,0.4046345811,0.5530546624,0.4705882353,0.4,0.0,0.0001558432
0,0,1,0,0,0,0,0,0,0,0,0,0,1,0,0,0,0,0,0.9470967742,0.522053756,0.7626363317,0.2549019608,0.6913183279999999,0.10588235289999999,0.3,0.0,0.0
0,0,1,0,0,0,0,0,0,0,0,0,0,1,0,0,0,0,0,0.9470967742,0.522053756,0.7626363317,0.2549019608,0.6045016077,0.2,0.3,0.0,0.0
0,0,1,0,0,0,0,0,0,0,0,0,0,1,0,0,0,0,0,0.9470967742,0.522053756,0.7626363317,0.2549019608,0.5434083600999999,0.44705882350000004,0.2555555556,0.0,0.0040335888
0,0,1,0,0,0,0,0,0,0,0,0,0,1,0,0,0,0,0,0.9470967742,0.522053756,0.7626363317,0.2549019608,0.6302250804,0.4823529412,0.3,0.0,0.0004766969
0,0,1,0,0,0,0,0,0,0,0,0,0,1,0,0,0,0,0,0.9470967742,0.522053756,0.7626363317,0.2549019608,0.5755627010000001,0.5058823528999999,0.45555555560000005,0.0,0.008498038199999999
0,0,1,0,0,0,0,0,0,0,0,0,0,1,0,0,0,0,0,0.9470967742,0.522053756,0.7626363317,0.2549019608,0.578778135,0.3764705882,0.4,0.0,0.0028326794
0,0,0,0,0,0,0,0,0,1,0,0,0,0,0,1,0,0,0,0.8477419355,0.08993797380000002,0.4053008092,0.1212121212,0.0836012862,0.4941176471,0.9,0.0,0.008232188
0,0,0,0,0,0,0,0,0,1,0,0,0,0,0,0,0,1,0,0.8425806452,0.0920055134,0.40659082909999994,0.0944741533,0.0932475884,0.5411764706000001,0.8444444444,0.0,0.0102581497
0,0,0,0,0,0,0,0,0,1,0,0,0,0,0,0,0,0,1,0.8503225806,0.0871812543,0.4035416911,0.035650623900000004,0.0932475884,0.5411764706000001,0.5,0.0,0.004931979
0,0,0,0,0,0,0,0,0,1,0,0,0,0,0,0,1,0,0,0.8606451612999999,0.0837353549,0.4008443767,0.0463458111,0.077170418,0.0705882353,0.9,0.0,0.0163635364
0,0,0,0,0,0,0,0,0,1,0,0,0,0,0,0,1,0,0,0.8606451612999999,0.0837353549,0.4008443767,0.0463458111,0.077170418,0.0705882353,0.9,0.0,0.009836456300000001
0,0,0,0,0,0,0,0,0,1,0,0,0,0,0,0,1,0,0,0.8606451612999999,0.0837353549,0.4008443767,0.0463458111,0.077170418,0.0705882353,0.9,0.0,0.020195445700000002
0,0,0,0,0,0,0,0,0,1,0,0,0,0,0,0,1,0,0,0.8606451612999999,0.0837353549,0.4008443767,0.0463458111,0.077170418,0.0705882353,0.9,0.0,0.0089564006
0,0,0,0,0,0,0,0,0,1,0,0,1,0,0,0,0,0,0,0.8516129031999999,0.0882150241,0.4042453383,0.073083779,0.0,0.5176470588000001,0.5,0.0,0.008498038199999999
0,0,0,0,0,0,0,0,0,1,0,0,0,1,0,0,0,0,0,0.8606451612999999,0.0837353549,0.4008443767,0.0463458111,0.0932475884,0.10588235289999999,0.9,0.0,0.022707271499999997
0,0,0,0,0,0,0,1,0,0,0,0,0,0,0,1,0,0,0,0.8541935484000001,0.09097174359999999,0.4053008092,0.0606060606,0.0643086817,0.4235294118,0.4,0.0,0.0
0,0,0,0,0,0,0,1,0,0,0,0,0,0,0,0,0,1,0,0.88,0.0189524466,0.012665650300000001,0.057040998200000005,0.2122186495,0.23529411760000002,0.3,0.0,0.0010083972
0,0,0,0,0,0,0,1,0,0,0,0,1,0,0,0,0,0,0,0.8580645161,0.0130944176,0.0092646886,0.11229946519999999,0.17041800640000002,0.3647058824,0.8444444444,0.0,0.022221407400000004
0,0,0,0,0,0,1,0,0,0,0,0,0,0,0,1,0,0,0,0.9703225806,0.5809786353999999,0.4736718658,0.2192513369,0.6816720257,0.2941176471,0.6555555556,0.0,0.0
0,0,0,0,0,0,1,0,0,0,0,0,0,0,0,0,0,1,0,0.935483871,0.6271536871,0.5040459716,0.2228163993,0.3344051447,0.8823529412000001,0.8,0.03125,0.0
0,0,0,0,0,0,1,0,0,0,0,0,0,0,1,0,0,0,0,0.9406451613,0.3552722261,0.5476721004,0.1604278075,0.6398713826,0.4,0.2555555556,0.0,0.0
0,0,0,0,0,0,1,0,0,0,0,0,0,0,1,0,0,0,0,0.9406451613,0.3552722261,0.5476721004,0.1604278075,0.7073954984,0.2,0.1555555556,0.0,0.0
0,0,0,0,0,0,1,0,0,0,0,0,0,0,1,0,0,0,0,0.9406451613,0.3552722261,0.5476721004,0.1604278075,0.7106109325,0.1764705882,0.1555555556,0.0,0.0
0,0,0,0,0,0,1,0,0,0,0,0,0,0,1,0,0,0,0,0.9406451613,0.3552722261,0.5476721004,0.1604278075,0.5305466238000001,0.44705882350000004,0.1555555556,0.0,0.0
0,0,0,0,0,0,1,0,0,0,0,0,0,0,1,0,0,0,0,0.9406451613,0.3552722261,0.5476721004,0.1604278075,0.7427652733,0.2823529412,0.055555555599999994,0.0,0.007333797800000001
0,0,0,0,0,0,1,0,0,0,0,0,1,0,0,0,0,0,0,0.9406451613,0.3414886285,0.53758649,0.11229946519999999,0.6655948553000001,0.2941176471,0.1,0.0,0.0024201533
0,0,0,0,0,0,1,0,0,0,0,0,0,1,0,0,0,0,0,0.96,0.6178497588,0.4959540284,0.1960784314,0.7942122186,0.1529411765,0.5555555556,0.0,0.0792508526
0,0,0,0,0,0,1,0,0,0,0,0,0,1,0,0,0,0,0,0.9496774194,0.3022053756,0.5077987569,0.1515151515,0.4790996785,0.6117647059,0.3555555556,0.0,0.0060228814
0,0,0,0,0,1,0,0,0,0,0,0,0,0,0,1,0,0,0,0.96,0.6178497588,0.4959540284,0.1960784314,0.6430868167,0.38823529409999996,0.1,0.0,0.0
0,0,0,0,0,1,0,0,0,0,0,0,0,0,0,1,0,0,0,0.9251612903,0.30461750519999997,0.3317696728,0.11408199640000001,0.38906752409999995,0.3647058824,0.1555555556,0.0,0.0008250522999999999
0,0,0,0,0,1,0,0,0,0,0,0,0,0,0,1,0,0,0,0.9251612903,0.30461750519999997,0.3317696728,0.11408199640000001,0.424437299,0.3529411765,0.2,0.0,0.0
0,0,0,0,0,1,0,0,0,0,0,0,0,0,0,0,0,1,0,0.935483871,0.505513439,0.4330948751,0.2263814617,0.5594855304999999,0.3294117647,0.5,0.0,0.0
0,0,0,0,0,1,0,0,0,0,0,0,0,0,1,0,0,0,0,0.44774193549999997,0.2408683666,0.2649231852,0.0071301248,0.270096463,0.8823529412000001,0.2555555556,0.0,0.0
0,0,0,0,0,1,0,0,0,0,0,0,0,0,0,0,1,0,0,0.9251612903,0.3177119228,0.3403307142,0.1336898396,0.5948553055,0.11764705880000001,0.5,0.0,0.0
0,0,0,0,0,1,0,0,0,0,0,0,0,0,0,0,1,0,0,0.9251612903,0.3177119228,0.3403307142,0.1336898396,0.5434083600999999,0.2823529412,0.5555555556,0.0,0.0032268709999999996
0,0,0,0,0,1,0,0,0,0,0,0,1,0,0,0,0,0,0,0.9341935484,0.3204686423,0.26292951800000003,0.1265597148,0.5466237942000001,0.27058823530000004,0.45555555560000005,0.0,0.0
0,0,0,0,0,1,0,0,0,0,0,0,1,0,0,0,0,0,0,0.9341935484,0.3204686423,0.26292951800000003,0.1265597148,0.5466237942000001,0.27058823530000004,0.45555555560000005,0.0,0.0
0,0,0,0,0,0,0,0,0,0,1,0,0,0,1,0,0,0,0,0.8567741935,0.0926946933,0.1241937375,0.0623885918,0.2926045016,0.9294117647,0.5,0.0,0.0
0,0,0,1,0,0,0,0,0,0,0,0,0,0,0,1,0,0,0,0.9148387097,0.2860096485,0.8284273484,0.1016042781,0.540192926,0.4352941176,0.2,0.0,0.0
0,0,0,1,0,0,0,0,0,0,0,0,0,0,0,1,0,0,0,0.9148387097,0.2860096485,0.8284273484,0.1016042781,0.4790996785,0.44705882350000004,0.5555555556,0.0,0.0003758571
0,0,0,1,0,0,0,0,0,0,0,0,0,0,0,1,0,0,0,0.9148387097,0.2860096485,0.8284273484,0.1016042781,0.6945337621,0.23529411760000002,0.3555555556,0.0,0.0047486340999999994
0,0,0,1,0,0,0,0,0,0,0,0,0,0,0,1,0,0,0,0.9509677419,0.3607856651,0.8797935968,0.1764705882,0.4437299035,0.3529411765,0.1555555556,0.0,0.0
0,0,0,1,0,0,0,0,0,0,0,0,0,0,0,1,0,0,0,0.9509677419,0.3607856651,0.8797935968,0.1764705882,0.729903537,0.1411764706,0.2,0.0,0.0
0,0,0,1,0,0,0,0,0,0,0,0,0,0,0,1,0,0,0,0.9509677419,0.3607856651,0.8797935968,0.1764705882,0.7427652733,0.1411764706,0.2555555556,0.0,0.0
0,0,0,1,0,0,0,0,0,0,0,0,0,0,0,1,0,0,0,0.9509677419,0.3607856651,0.8797935968,0.1764705882,0.7266881029000001,0.1529411765,0.1555555556,0.0,0.0130999963
0,0,0,1,0,0,0,0,0,0,0,0,0,0,0,1,0,0,0,0.40903225810000005,0.155410062,0.8193972089,0.0071301248,0.3215434084,0.7411764706,0.6555555556,0.0,0.0
0,0,0,1,0,0,0,0,0,0,0,0,0,0,0,0,0,1,0,0.9535483870999999,0.3938662991,0.9020757594,0.1568627451,0.7106109325,0.1411764706,0.5,0.0,0.0
0,0,0,1,0,0,0,0,0,0,0,0,0,0,0,0,0,1,0,0.9535483870999999,0.3938662991,0.9020757594,0.1568627451,0.5627009646,0.3058823529,0.1555555556,0.0,0.0014484251000000002
0,0,0,1,0,0,0,0,0,0,0,0,0,0,0,0,0,1,0,0.935483871,0.4603721571,0.9494546734,0.128342246,0.5241157556,0.1764705882,0.2555555556,0.0,0.0
0,0,0,1,0,0,0,0,0,0,0,0,0,0,0,0,0,0,1,0.9509677419,0.32770503100000004,0.8578632579000001,0.1532976827,0.5273311897,0.10588235289999999,0.6,0.0,0.0
0,0,0,1,0,0,0,0,0,0,0,0,0,0,0,0,0,0,1,0.9509677419,0.32770503100000004,0.8578632579000001,0.1532976827,0.5466237942000001,0.10588235289999999,0.5,0.0,0.0034652195
0,0,0,1,0,0,0,0,0,0,0,0,0,0,0,0,0,0,1,0.9561290323,0.40627153689999995,0.9095813299,0.1336898396,0.6237942122,0.1411764706,0.2,0.0,0.0
0,0,0,1,0,0,0,0,0,0,0,0,0,0,0,0,0,0,1,0.9561290323,0.40627153689999995,0.9095813299,0.1336898396,0.6237942122,0.1529411765,0.6555555556,0.0,0.004042756
0,0,0,1,0,0,0,0,0,0,0,0,0,0,0,0,0,0,1,0.9561290323,0.40627153689999995,0.9095813299,0.1336898396,0.536977492,0.2235294118,0.7555555556,0.0,0.0314986616
0,0,0,1,0,0,0,0,0,0,0,0,0,0,0,0,0,0,1,0.9561290323,0.40627153689999995,0.9095813299,0.1336898396,0.4694533762,0.1529411765,0.4,0.0,0.0066095853
0,0,0,1,0,0,0,0,0,0,0,0,0,0,0,0,0,0,1,0.9561290323,0.40627153689999995,0.9095813299,0.1336898396,0.4694533762,0.1529411765,0.4,0.0,0.000925892
0,0,0,1,0,0,0,0,0,0,0,0,0,0,0,0,0,0,1,0.9290322581,0.4679531358,0.955670224,0.1212121212,0.3440514469,0.2823529412,0.2555555556,0.0,0.0019984599
0,0,0,1,0,0,0,0,0,0,0,0,0,0,0,0,0,0,1,0.8954838709999999,0.17987594760000003,0.8432039404,0.0962566845,0.36977491960000003,0.4823529412,0.1555555556,0.0,0.0040519233
0,0,0,1,0,0,0,0,0,0,0,0,0,0,1,0,0,0,0,0.9483870968000001,0.3487250172,0.8720534772,0.14973262029999998,0.7073954984,0.1411764706,0.3,0.0,0.0
0,0,0,1,0,0,0,0,0,0,0,0,0,0,1,0,0,0,0,0.9483870968000001,0.3487250172,0.8720534772,0.14973262029999998,0.7041800643,0.1411764706,0.3,0.0,0.0
0,0,0,1,0,0,0,0,0,0,0,0,0,0,1,0,0,0,0,0.9483870968000001,0.3487250172,0.8720534772,0.14973262029999998,0.6109324759,0.2,0.2,0.0,0.0
0,0,0,1,0,0,0,0,0,0,0,0,0,0,1,0,0,0,0,0.9483870968000001,0.3487250172,0.8720534772,0.14973262029999998,0.5627009646,0.23529411760000002,0.1555555556,0.0,0.0
0,0,0,1,0,0,0,0,0,0,0,0,0,0,1,0,0,0,0,0.9483870968000001,0.3487250172,0.8720534772,0.14973262029999998,0.6848874598,0.1411764706,0.4,0.0,0.0030526933
0,0,0,1,0,0,0,0,0,0,0,0,0,0,1,0,0,0,0,0.9483870968000001,0.3487250172,0.8720534772,0.14973262029999998,0.7073954984,0.1411764706,0.3,0.0,0.0060320487
0,0,0,1,0,0,0,0,0,0,0,0,0,0,1,0,0,0,0,0.935483871,0.42487939350000004,0.9234197256000001,0.1515151515,0.6205787781000001,0.1529411765,0.45555555560000005,0.0,0.0143375747
0,0,0,1,0,0,0,0,0,0,0,0,0,0,1,0,0,0,0,0.935483871,0.42487939350000004,0.9234197256000001,0.1515151515,0.4790996785,0.3058823529,0.2,0.0,0.0102856514
0,0,0,1,0,0,0,0,0,0,0,0,0,0,0,0,1,0,0,0.9470967742,0.2984148863,0.8364020171,0.1693404635,0.5112540193,0.4588235294,0.3,0.0,0.0019526237
0,0,0,1,0,0,0,0,0,0,0,0,0,0,0,0,1,0,0,0.9406451613,0.36974500340000005,0.8867127947,0.110516934,0.5080385852,0.4235294118,0.5555555556,0.0,0.0
0,0,0,1,0,0,0,0,0,0,0,0,0,0,0,0,1,0,0,0.9406451613,0.36974500340000005,0.8867127947,0.110516934,0.2443729904,0.8352941176,0.1555555556,0.0,0.0
0,0,0,1,0,0,0,0,0,0,0,0,0,0,0,0,1,0,0,0.9406451613,0.36974500340000005,0.8867127947,0.110516934,0.5498392283,0.3411764706,0.2,0.0,0.0
0,0,0,1,0,0,0,0,0,0,0,0,0,0,0,0,1,0,0,0.9406451613,0.36974500340000005,0.8867127947,0.110516934,0.6688102894,0.2235294118,0.2,0.0,0.0513732536
0,0,0,1,0,0,0,0,0,0,0,0,0,0,0,0,1,0,0,0.9406451613,0.36974500340000005,0.8867127947,0.110516934,0.6591639871,0.23529411760000002,0.2,0.0,0.0068571008999999995
0,0,0,1,0,0,0,0,0,0,0,0,0,0,0,0,1,0,0,0.9406451613,0.36974500340000005,0.8867127947,0.110516934,0.5852090032,0.3058823529,0.1555555556,0.0,0.0013475853
0,0,0,1,0,0,0,0,0,0,0,0,0,0,0,0,1,0,0,0.9406451613,0.36974500340000005,0.8867127947,0.110516934,0.5498392283,0.3411764706,0.2,0.0,0.0036027282
0,0,0,1,0,0,0,0,0,0,0,0,0,0,0,0,1,0,0,0.944516129,0.3811164714,0.8941010906999999,0.1158645276,0.4340836013,0.4235294118,0.2,0.0,0.0
0,0,0,1,0,0,0,0,0,0,0,0,0,0,0,0,1,0,0,0.9393548387,0.44452102,0.9372581213,0.1336898396,0.5916398714,0.25882352940000003,0.1555555556,0.0,0.0
0,0,0,1,0,0,0,0,0,0,0,0,0,0,0,0,1,0,0,0.9393548387,0.44452102,0.9372581213,0.1336898396,0.4405144695,0.4235294118,0.45555555560000005,0.0,0.0019984599
0,0,0,1,0,0,0,0,0,0,0,0,0,0,0,0,1,0,0,0.9393548387,0.44452102,0.9372581213,0.1336898396,0.3215434084,0.6,0.5,0.0,0.0055920208
0,0,0,1,0,0,0,0,0,0,0,0,0,0,0,0,1,0,0,0.9393548387,0.44452102,0.9372581213,0.1336898396,0.4694533762,0.3294117647,0.3,0.0,0.0053445052
0,0,0,1,0,0,0,0,0,0,0,0,0,0,0,0,1,0,0,0.9393548387,0.44452102,0.9372581213,0.1336898396,0.61414791,0.23529411760000002,0.2,0.0,0.02584247
0,0,0,1,0,0,0,0,0,0,0,0,1,0,0,0,0,0,0,0.9470967742,0.3373535493,0.8647824556999999,0.17112299469999998,0.2540192926,0.7058823529000001,0.3555555556,0.0,0.0
0,0,0,1,0,0,0,0,0,0,0,0,1,0,0,0,0,0,0,0.9470967742,0.3373535493,0.8647824556999999,0.17112299469999998,0.4887459807,0.4941176471,0.45555555560000005,0.0,0.0
0,0,0,1,0,0,0,0,0,0,0,0,1,0,0,0,0,0,0,0.9470967742,0.3373535493,0.8647824556999999,0.17112299469999998,0.3408360129,0.5764705882,0.3555555556,0.0,0.0015034285999999998
0,0,0,1,0,0,0,0,0,0,0,0,1,0,0,0,0,0,0,0.9470967742,0.3373535493,0.8647824556999999,0.17112299469999998,0.2540192926,0.7058823529000001,0.3555555556,0.0,0.0034010487
0,0,0,1,0,0,0,0,0,0,0,0,1,0,0,0,0,0,0,0.9470967742,0.3373535493,0.8647824556999999,0.17112299469999998,0.424437299,0.44705882350000004,0.6555555556,0.0,0.0067012577
0,0,0,1,0,0,0,0,0,0,0,0,1,0,0,0,0,0,0,0.9470967742,0.3373535493,0.8647824556999999,0.17112299469999998,0.5916398714,0.3294117647,0.3555555556,0.0,0.0018609511999999999
0,0,0,1,0,0,0,0,0,0,0,0,1,0,0,0,0,0,0,0.9470967742,0.3373535493,0.8647824556999999,0.17112299469999998,0.5659163987,0.3764705882,0.2555555556,0.0,0.0015767665
0,0,0,1,0,0,0,0,0,0,0,0,1,0,0,0,0,0,0,0.9470967742,0.3373535493,0.8647824556999999,0.17112299469999998,0.5305466238000001,0.4117647059,0.2,0.0,0.0054728466
0,0,0,1,0,0,0,0,0,0,0,0,1,0,0,0,0,0,0,0.9470967742,0.3373535493,0.8647824556999999,0.17112299469999998,0.5980707395,0.23529411760000002,0.5,0.0,0.0119724249
0,0,0,1,0,0,0,0,0,0,0,0,1,0,0,0,0,0,0,0.9470967742,0.3373535493,0.8647824556999999,0.17112299469999998,0.5980707395,0.23529411760000002,0.5,0.0,0.0011550732
0,0,0,1,0,0,0,0,0,0,0,0,1,0,0,0,0,0,0,0.9522580645000001,0.416609235,0.9168523514,0.1818181818,0.4405144695,0.4705882353,0.3555555556,0.0,0.0
0,0,0,1,0,0,0,0,0,0,0,0,1,0,0,0,0,0,0,0.9522580645000001,0.416609235,0.9168523514,0.1818181818,0.5627009646,0.2823529412,0.2555555556,0.0,0.0
0,0,0,1,0,0,0,0,0,0,0,0,1,0,0,0,0,0,0,0.9522580645000001,0.416609235,0.9168523514,0.1818181818,0.6077170418,0.2823529412,0.2,0.0,0.0074438047999999995
0,0,0,1,0,0,0,0,0,0,0,0,1,0,0,0,0,0,0,0.9522580645000001,0.416609235,0.9168523514,0.1818181818,0.5209003215,0.3176470588,0.2,0.0,0.00099923
0,0,0,1,0,0,0,0,0,0,0,0,1,0,0,0,0,0,0,0.9522580645000001,0.416609235,0.9168523514,0.1818181818,0.48553054659999995,0.3529411765,0.4,0.0,0.0036118953999999997
0,0,0,1,0,0,0,0,0,0,0,0,1,0,0,0,0,0,0,0.8967741935,0.1864231564,0.8495367656,0.2067736185,0.41800643090000006,0.5764705882,0.3,0.0,0.0004766969
0,0,0,1,0,0,0,0,0,0,0,0,0,1,0,0,0,0,0,0.944516129,0.3811164714,0.8941010906999999,0.1158645276,0.4405144695,0.44705882350000004,0.2,0.0,0.0026860034000000003
0,0,0,1,0,0,0,0,0,0,0,0,0,1,0,0,0,0,0,0.944516129,0.3811164714,0.8941010906999999,0.1158645276,0.6077170418,0.23529411760000002,0.2555555556,0.0,0.0051794947
0,0,0,1,0,0,0,0,0,0,0,0,0,1,0,0,0,0,0,0.944516129,0.3811164714,0.8941010906999999,0.1158645276,0.5594855304999999,0.3529411765,0.3,0.0,0.0183619963
0,0,0,1,0,0,0,0,0,0,0,0,0,1,0,0,0,0,0,0.9341935484,0.4521019986,0.9431218481999999,0.2228163993,0.4405144695,0.27058823530000004,0.5555555556,0.0,0.0016042683
0,0,0,1,0,0,0,0,0,0,0,0,0,1,0,0,0,0,0,0.9341935484,0.4521019986,0.9431218481999999,0.2228163993,0.4565916399,0.1411764706,0.3555555556,0.0,0.0
0,0,0,1,0,0,0,0,0,0,0,0,0,0,1,0,0,0,0,0.935483871,0.3211578222,0.8637269849,0.14973262029999998,0.4694533762,0.3764705882,0.5,0.0,0.011587400500000001
0,0,0,1,0,0,0,0,0,0,0,0,0,0,0,1,0,0,0,0.9329032258,0.9483115093000001,0.9583675384,0.1265597148,0.3729903537,0.7294117647,0.8,0.0,0.0
0,0,0,1,0,0,0,0,0,0,0,0,0,0,0,1,0,0,0,0.9329032258,0.9483115093000001,0.9583675384,0.1265597148,0.3729903537,0.7294117647,0.8,0.0,0.010138975500000001
0,0,0,0,0,0,1,0,0,0,0,0,0,0,0,0,0,1,0,0.944516129,0.45658166780000004,0.6011492905,0.1426024955,0.38585209,0.5058823528999999,0.4,0.0,0.0
0,0,1,0,0,0,0,0,0,0,0,0,0,0,0,1,0,0,0,0.9458064516,0.6964162646,0.7700246276999999,0.1443850267,0.26366559489999997,0.7058823529000001,0.055555555599999994,0.0,0.0
0,0,1,0,0,0,0,0,0,0,0,0,0,0,0,0,0,0,1,0.9819354839,0.7625775327,0.8100152456999999,0.24777183600000002,0.5819935691,0.3176470588,0.2555555556,0.0,0.0
0,0,0,1,0,0,0,0,0,0,0,0,1,0,0,0,0,0,0,0.9238709677,0.9955203308,0.9937844494,0.1319073084,0.2604501608,0.7411764706,0.4,0.0,0.0167760625
0,0,0,1,0,0,0,0,0,0,0,0,0,0,1,0,0,0,0,0.935483871,0.3211578222,0.8637269849,0.14973262029999998,0.424437299,0.4941176471,0.5,0.0,0.036073118
0,0,1,0,0,0,0,0,0,0,0,0,0,0,0,0,1,0,0,0.9470967742,0.7095106823,0.7795238654000001,0.1461675579,0.6077170418,0.4588235294,0.2,0.0,0.0
0,0,1,0,0,0,0,0,0,0,0,0,0,0,1,0,0,0,0,0.9677419355,0.7925568573,0.8293655447,0.14973262029999998,0.6334405145,0.3176470588,0.2,0.0,0.1600876389
1,0,0,0,0,0,0,0,0,0,0,0,0,0,0,0,0,0,1,0.9316129031999999,0.061337009000000005,0.026621320499999997,0.1426024955,0.2090032154,0.4235294118,0.6,0.0,0.0
0,0,0,0,0,0,0,0,1,0,0,0,0,0,0,1,0,0,0,0.0,0.0,0.1917438724,0.0,0.0964630225,1.0,0.055555555599999994,0.0,0.0
0,0,0,0,0,0,1,0,0,0,0,0,0,0,0,0,0,1,0,0.9677419355,0.34527911780000003,0.5287908995,0.2121212121,0.5498392283,0.2823529412,0.7555555556,0.0,0.0070862821
0,0,1,0,0,0,0,0,0,0,0,0,0,0,0,0,0,0,1,0.9290322581,0.6650585803,0.7448106016,0.1212121212,0.4501607717,0.5647058824,0.2555555556,0.0,0.0149701148
0,0,1,0,0,0,0,0,0,0,0,0,0,0,0,0,0,1,0,0.9870967742,0.7463818056999999,0.7999296353,0.320855615,0.8360128617,0.1647058824,0.1555555556,0.0,0.005372006899999999
0,0,1,0,0,0,0,0,0,0,0,0,0,0,0,0,0,0,1,0.9406451613,0.8521709166,0.8747507915999999,0.11229946519999999,0.5884244372999999,0.5058823528999999,0.2555555556,0.0,0.039299989
0,0,1,0,0,0,0,0,0,0,0,0,0,0,1,0,0,0,0,0.9406451613,0.9396967609,0.951331066,0.13725490199999998,0.61414791,0.3411764706,0.45555555560000005,0.0,0.0111657072
0,0,1,0,0,0,0,0,0,0,0,0,0,0,0,1,0,0,0,0.9406451613,0.6209510682,0.7096282397,0.1354723708,0.6012861736,0.4117647059,0.2,0.0,0.014667595600000001
0,0,0,1,0,0,0,0,0,0,0,0,0,0,0,1,0,0,0,0.9264516129000001,0.3294279807,0.8708807318,0.2032085561,0.5916398714,0.4705882353,0.5555555556,0.0,0.022542261
1,0,0,0,0,0,0,0,0,0,0,0,0,0,0,0,0,0,1,0.9316129031999999,0.061337009000000005,0.026621320499999997,0.1426024955,0.30225080390000003,0.38823529409999996,0.5555555556,0.0,0.0
0,0,1,0,0,0,0,0,0,0,0,0,1,0,0,0,0,0,0,0.9819354839,0.7784286698999999,0.8195144834,0.21390374329999998,0.6784565915999999,0.2235294118,0.3,0.0,0.026346668599999998
0,0,1,0,0,0,0,0,0,0,0,0,1,0,0,0,0,0,0,0.9819354839,0.7784286698999999,0.8195144834,0.21390374329999998,0.6784565915999999,0.2235294118,0.3,0.0,0.0
0,0,0,0,0,0,0,1,0,0,0,0,0,0,0,0,1,0,0,0.8516129031999999,0.0289455548,0.059106368,0.073083779,0.17041800640000002,0.6588235294,0.6555555556,0.0,0.009130578299999999
0,0,0,1,0,0,0,0,0,0,0,0,1,0,0,0,0,0,0,0.9341935484,0.3108201241,0.8563386889,0.128342246,0.5948553055,0.3647058824,0.2555555556,0.0,0.027666752200000002
0,0,0,1,0,0,0,0,0,0,0,0,0,0,0,1,0,0,0,0.9329032258,0.9483115093000001,0.9583675384,0.1265597148,0.6334405145,0.3294117647,0.4,0.0,0.0648674416
1,0,0,0,0,0,0,0,0,0,0,0,0,1,0,0,0,0,0,0.9638709676999999,0.047898001399999994,0.0207575935,0.2032085561,0.41800643090000006,0.0470588235,0.8,0.0,0.0
0,0,0,0,0,0,0,1,0,0,0,0,0,0,0,0,1,0,0,0.8438709676999999,0.012060647800000001,0.045502521399999996,0.0392156863,0.0996784566,0.6235294118,0.1555555556,0.0,0.0
0,0,0,0,0,0,0,1,0,0,0,0,0,0,0,1,0,0,0,0.8554838709999999,0.0272226051,0.0574645245,0.0623885918,0.2540192926,0.5529411765,0.1555555556,0.0,0.0474680063
0,0,0,1,0,0,0,0,0,0,0,0,0,0,0,1,0,0,0,0.9264516129000001,0.3294279807,0.8708807318,0.2032085561,0.5852090032,0.4705882353,0.5,0.0,0.0033368779999999997
0,0,1,0,0,0,0,0,0,0,0,0,0,0,0,1,0,0,0,0.9406451613,0.6209510682,0.7096282397,0.1354723708,0.7106109325,0.2117647059,0.3555555556,0.0,0.0033277108
0,0,1,0,0,0,0,0,0,0,0,0,0,0,1,0,0,0,0,0.9677419355,0.7925568573,0.8293655447,0.14973262029999998,0.7620578778,0.2,0.3,0.0,0.0
0,0,0,0,0,1,0,0,0,0,0,0,0,0,0,0,0,1,0,0.9625806452,0.16678153,0.33986161600000003,0.2495543672,0.8295819936,0.2235294118,0.45555555560000005,0.0,0.0
0,0,0,0,0,1,0,0,0,0,0,0,0,0,0,0,0,1,0,0.9625806452,0.16678153,0.33986161600000003,0.2495543672,0.8295819936,0.2235294118,0.45555555560000005,0.0,0.0074804738
0,0,0,1,0,0,0,0,0,0,0,0,0,0,0,0,0,0,1,0.9341935484,0.300137836,0.8488331183,0.14795008910000002,0.6623794211999999,0.3647058824,0.4,0.0,0.0045377874
0,0,1,0,0,0,0,0,0,0,0,0,1,0,0,0,0,0,0,0.9819354839,0.7784286698999999,0.8195144834,0.21390374329999998,0.7331189711,0.24705882350000002,0.4,0.0,0.0
0,0,1,0,0,0,0,0,0,0,0,0,0,0,0,0,0,0,1,0.9290322581,0.6650585803,0.7448106016,0.1212121212,0.61414791,0.3058823529,0.3555555556,0.0,0.0
0,0,0,1,0,0,0,0,0,0,0,0,0,0,0,0,0,1,0,0.8929032258,0.28842177809999997,0.8410929987000001,0.0659536542,0.6302250804,0.2235294118,0.2,0.0,0.0055370173
0,0,1,0,0,0,0,0,0,0,0,0,0,1,0,0,0,0,0,0.9793548387000001,0.7270847691,0.7892576522,0.1693404635,0.8263665595,0.1411764706,0.2,0.0,0.0
0,0,0,1,0,0,0,0,0,0,0,0,0,0,1,0,0,0,0,0.8825806452,1.0,1.0,0.07130124780000001,0.4758842444,0.6117647059,0.5,0.0,0.0036210627000000002
0,0,0,0,0,0,0,1,0,0,0,0,0,0,1,0,0,0,0,0.8516129031999999,0.0244658856,0.0552363082,0.0516934046,0.38585209,0.3647058824,0.4,0.0,0.0
0,0,0,1,0,0,0,0,0,0,0,0,1,0,0,0,0,0,0,0.9238709677,0.9955203308,0.9937844494,0.1319073084,0.5691318328,0.3411764706,0.3,0.0,0.007150452900000001
0,0,0,0,0,0,1,0,0,0,0,0,0,1,0,0,0,0,0,0.9496774194,0.32770503100000004,0.5187052890999999,0.2156862745,0.6816720257,0.1882352941,0.5555555556,0.0,0.0
0,0,0,0,0,0,0,1,0,0,0,0,1,0,0,0,0,0,0,0.8438709676999999,0.021364576200000002,0.0526562683,0.0481283422,0.4019292605,0.3176470588,0.2555555556,0.0,0.0
0,0,0,0,0,0,0,1,0,0,0,0,1,0,0,0,0,0,0,0.8503225806,0.0072363887,0.0418670107,0.058823529400000005,0.192926045,0.44705882350000004,1.0,0.0,0.0042352682000000004
0,0,0,0,0,0,1,0,0,0,0,0,0,0,0,0,1,0,0,0.9496774194,0.3135768436,0.5092060514,0.17468805699999998,0.6623794211999999,0.1411764706,0.45555555560000005,0.0,0.0014942613
0,0,1,0,0,0,0,0,0,0,0,0,0,0,1,0,0,0,0,0.9677419355,0.7925568573,0.8293655447,0.14973262029999998,0.7781350481999999,0.2117647059,0.3555555556,0.0,0.0
0,0,1,0,0,0,0,0,0,0,0,0,0,0,0,1,0,0,0,0.9664516129,0.8063404549,0.8387475079000001,0.18003565059999999,0.7041800643,0.4117647059,0.4,0.0,0.0
0,0,1,0,0,0,0,0,0,0,0,0,0,0,0,0,0,0,1,0.9819354839,0.7625775327,0.8100152456999999,0.24777183600000002,0.8135048232,0.1411764706,0.5,0.0,0.6841333284000001
0,0,0,0,0,0,1,0,0,0,0,0,0,1,0,0,0,0,0,0.9548387097,0.5616815989,0.6660021109,0.1586452763,0.7749196141,0.2823529412,0.3,0.0,0.0064354076
1,0,0,0,0,0,0,0,0,0,0,0,0,0,0,0,0,1,0,0.9638709676999999,0.05582357,0.0239240061,0.1764705882,0.3729903537,0.10588235289999999,0.6,0.0,0.0
0,0,1,0,0,0,0,0,0,0,0,0,0,0,0,1,0,0,0,0.9458064516,0.6964162646,0.7700246276999999,0.1443850267,0.729903537,0.3176470588,0.5555555556,0.0,0.0022368083
0,0,1,0,0,0,0,0,0,0,0,0,0,0,0,1,0,0,0,0.9406451613,0.6209510682,0.7096282397,0.1354723708,0.7266881029000001,0.24705882350000002,0.4,0.0,0.0027960104
0,0,1,0,0,0,0,0,0,0,0,0,0,0,0,0,0,1,0,0.9419354839,0.655754652,0.7364841093000001,0.1390374332,0.7717041801000001,0.24705882350000002,0.45555555560000005,0.0,0.1702907851
0,0,1,0,0,0,0,0,0,0,0,0,0,0,0,0,0,1,0,0.9870967742,0.7463818056999999,0.7999296353,0.320855615,0.9196141479000001,0.0470588235,0.45555555560000005,0.0,0.0
0,0,0,0,0,0,1,0,0,0,0,0,0,0,0,1,0,0,0,0.9058064516,0.9028256375,0.9241233728,0.09269162210000001,0.8713826367,0.1411764706,0.3555555556,0.0,0.0057753658
0,0,0,1,0,0,0,0,0,0,0,0,0,0,1,0,0,0,0,0.935483871,0.3211578222,0.8637269849,0.14973262029999998,0.6463022508,0.38823529409999996,0.4,0.0,0.0006600417999999999
0,0,1,0,0,0,0,0,0,0,0,0,0,0,1,0,0,0,0,0.9677419355,0.7925568573,0.8293655447,0.14973262029999998,0.7942122186,0.1882352941,0.3555555556,0.0,0.0045469546
0,0,1,0,0,0,0,0,0,0,0,0,0,0,0,0,0,0,1,0.9406451613,0.8521709166,0.8747507915999999,0.11229946519999999,0.5852090032,0.4823529412,0.2,0.0,0.0
0,0,1,0,0,0,0,0,0,0,0,0,0,0,0,0,0,0,1,0.9406451613,0.8521709166,0.8747507915999999,0.11229946519999999,0.5852090032,0.4823529412,0.2,0.0,0.0
0,0,1,0,0,0,0,0,0,0,0,0,0,0,0,0,1,0,0,0.9470967742,0.7095106823,0.7795238654000001,0.1461675579,0.8263665595,0.2117647059,0.2,0.0,0.0021543031
0,0,1,0,0,0,0,0,0,0,0,0,0,0,0,0,0,0,1,0.9819354839,0.7625775327,0.8100152456999999,0.24777183600000002,0.7717041801000001,0.2235294118,0.6,0.0,0.0
0,0,1,0,0,0,0,0,0,0,0,0,0,0,0,1,0,0,0,0.9406451613,0.6209510682,0.7096282397,0.1354723708,0.7202572347,0.3411764706,0.4,0.0,0.0029335191
0,0,0,1,0,0,0,0,0,0,0,0,0,0,0,0,0,0,1,0.9161290323000001,0.9858718125,0.986747977,0.1212121212,0.5530546624,0.3529411765,0.3555555556,0.0,0.0
0,0,1,0,0,0,0,0,0,0,0,0,0,0,1,0,0,0,0,0.9470967742,0.6095796003,0.7005981001999999,0.17112299469999998,0.6784565915999999,0.2941176471,0.4,0.0,0.005830369300000001
0,0,1,0,0,0,0,0,0,0,0,0,0,0,0,0,0,0,1,0.9819354839,0.7625775327,0.8100152456999999,0.24777183600000002,0.6977491961,0.27058823530000004,0.7,0.0,0.0
0,0,1,0,0,0,0,0,0,0,0,0,0,0,0,1,0,0,0,0.9664516129,0.8063404549,0.8387475079000001,0.18003565059999999,0.6012861736,0.6,0.5,0.0,0.0140625573
0,0,1,0,0,0,0,0,0,0,0,0,1,0,0,0,0,0,0,0.9277419355,0.9259131633,0.9420663774,0.0980392157,0.6430868167,0.3529411765,0.3555555556,0.0,0.0
0,0,0,0,0,0,1,0,0,0,0,0,0,0,1,0,0,0,0,0.9303225806000001,0.2880771881,0.4323912279,0.0998217469,0.6945337621,0.4235294118,0.1555555556,0.0,0.0
0,0,1,0,0,0,0,0,0,0,0,0,0,0,0,0,1,0,0,0.9470967742,0.7095106823,0.7795238654000001,0.1461675579,0.7909967845999999,0.23529411760000002,0.1,0.0,0.0004950314
0,0,1,0,0,0,0,0,0,0,0,0,0,0,1,0,0,0,0,0.9122580645,0.8700895934,0.8918728744,0.1729055258,0.38585209,0.6823529412,0.2555555556,0.0,0.0
0,0,1,0,0,0,0,0,0,0,0,0,0,0,1,0,0,0,0,0.9677419355,0.7925568573,0.8293655447,0.14973262029999998,0.6881028939,0.44705882350000004,0.4,0.0,0.00589454
0,0,0,1,0,0,0,0,0,0,0,0,1,0,0,0,0,0,0,0.9341935484,0.3108201241,0.8563386889,0.128342246,0.5434083600999999,0.3647058824,0.2,0.0,0.00030251919999999997
0,0,0,1,0,0,0,0,0,0,0,0,1,0,0,0,0,0,0,0.9238709677,0.9955203308,0.9937844494,0.1319073084,0.4501607717,0.5058823528999999,0.3555555556,0.0,0.0
0,0,1,0,0,0,0,0,0,0,0,0,0,0,0,0,1,0,0,0.9470967742,0.7095106823,0.7795238654000001,0.1461675579,0.7491961415,0.1647058824,0.1555555556,0.0,0.0011275714
0,0,0,0,1,0,0,0,0,0,0,0,0,0,0,0,1,0,0,0.8929032258,0.0820124052,0.0395215199,0.0659536542,0.27974276530000003,0.5764705882,0.3,0.0,0.0030710278000000003
0,0,0,0,0,0,1,0,0,0,0,0,1,0,0,0,0,0,0,0.9290322581,0.27498277050000003,0.4226574411,0.29946524059999996,0.4051446945,0.7411764706,0.8444444444,0.0,0.0
0,0,0,1,0,0,0,0,0,0,0,0,1,0,0,0,0,0,0,0.9238709677,0.9955203308,0.9937844494,0.1319073084,0.4501607717,0.5058823528999999,0.3555555556,0.0,0.009130578299999999
0,0,1,0,0,0,0,0,0,0,0,0,0,0,0,1,0,0,0,0.9716129031999999,0.161268091,0.10883077279999999,0.19073083780000002,0.48553054659999995,0.7647058823999999,0.45555555560000005,0.0,0.0
0,0,1,0,0,0,0,0,0,0,0,0,0,0,0,1,0,0,0,0.9458064516,0.6964162646,0.7700246276999999,0.1443850267,0.5434083600999999,0.6470588235,0.2,0.0,0.0
1,0,0,0,0,0,0,0,0,0,0,0,0,0,0,0,0,1,0,0.9638709676999999,0.05582357,0.0239240061,0.1764705882,0.2154340836,0.23529411760000002,0.8444444444,0.0,0.0
0,0,0,1,0,0,0,0,0,0,0,0,0,0,0,0,0,1,0,0.9161290323000001,0.9779462440000001,0.9805324264,0.18003565059999999,0.2668810289,0.7294117647,0.4,0.0,0.0
0,0,1,0,0,0,0,0,0,0,0,0,0,0,0,1,0,0,0,0.9406451613,0.6209510682,0.7096282397,0.1354723708,0.5498392283,0.5411764706000001,0.5,0.0,0.0
0,0,1,0,0,0,0,0,0,0,0,0,0,0,0,0,0,1,0,0.9870967742,0.7463818056999999,0.7999296353,0.320855615,0.6816720257,0.4,0.5555555556,0.0,0.00589454
0,0,1,0,0,0,0,0,0,0,0,0,1,0,0,0,0,0,0,0.9264516129000001,0.6743625086,0.7529025449,0.2905525847,0.308681672,0.8588235294,0.5,0.0,0.0089013971
0,0,1,0,0,0,0,0,0,0,0,0,0,0,0,0,1,0,0,0.9393548387,0.8170227429000001,0.8475430984000001,0.1336898396,0.498392283,0.5882352941,0.4,0.0,0.0
0,0,1,0,0,0,0,0,0,0,0,0,0,0,0,0,0,0,1,0.9122580645,0.9135079256,0.9328016887999999,0.0998217469,0.4887459807,0.4588235294,0.3,0.0,0.0
0,0,1,0,0,0,0,0,0,0,0,0,0,0,0,0,0,0,1,0.9406451613,0.8521709166,0.8747507915999999,0.11229946519999999,0.4694533762,0.4823529412,0.3,0.0,0.0
0,0,0,0,0,0,1,0,0,0,0,0,0,0,0,0,1,0,0,0.9793548387000001,0.5475534114,0.6559165004999999,0.2976827094,0.5048231511,0.38823529409999996,0.2555555556,0.0,0.0
0,0,1,0,0,0,0,0,0,0,0,0,0,0,0,0,0,0,1,0.9406451613,0.8521709166,0.8747507915999999,0.11229946519999999,0.46302250799999994,0.5176470588000001,0.2555555556,0.0,0.0
0,0,1,0,0,0,0,0,0,0,0,0,0,0,0,0,0,1,0,0.9419354839,0.655754652,0.7364841093000001,0.1390374332,0.5691318328,0.4117647059,0.4,0.0,0.0758589711
0,0,1,0,0,0,0,0,0,0,0,0,0,0,1,0,0,0,0,0.9677419355,0.7925568573,0.8293655447,0.14973262029999998,0.536977492,0.5764705882,0.5,0.0,0.0030435261
0,0,1,0,0,0,0,0,0,0,0,0,0,0,1,0,0,0,0,0.9406451613,0.9396967609,0.951331066,0.13725490199999998,0.4276527331,0.6705882353,0.8444444444,0.0,0.0017784460000000001
0,0,1,0,0,0,0,0,0,0,0,0,0,0,1,0,0,0,0,0.9677419355,0.7925568573,0.8293655447,0.14973262029999998,0.536977492,0.5764705882,0.5,0.0,0.0
0,0,1,0,0,0,0,0,0,0,0,0,0,0,1,0,0,0,0,0.9677419355,0.7925568573,0.8293655447,0.14973262029999998,0.536977492,0.5764705882,0.5,0.0,0.0
0,0,0,1,0,0,0,0,0,0,0,0,0,0,0,1,0,0,0,0.9329032258,0.9483115093000001,0.9583675384,0.1265597148,0.39549839229999995,0.7176470587999999,0.8,0.0,0.0034010487
0,0,0,0,0,0,0,1,0,0,0,0,0,1,0,0,0,0,0,0.7277419355,0.011371468000000001,0.0097337868,0.0338680927,0.077170418,0.7882352940999999,0.6555555556,0.0,0.0049411463
0,0,0,0,0,0,0,1,0,0,0,0,0,1,0,0,0,0,0,0.7277419355,0.011371468000000001,0.0097337868,0.0338680927,0.0932475884,0.7294117647,0.5555555556,0.0,0.0019617909
0,0,0,0,0,0,0,1,0,0,0,0,0,0,1,0,0,0,0,0.784516129,0.0086147484,0.008678315899999999,0.0320855615,0.077170418,0.5176470588000001,0.055555555599999994,0.0,0.006270397099999999
1,0,0,0,0,0,0,0,0,0,0,0,0,0,0,0,1,0,0,0.8838709677,0.0482425913,0.0340096165,0.1265597148,0.2572347267,0.3529411765,0.6,0.0,0.0029151846
1,0,0,0,0,0,0,0,0,0,0,0,0,0,0,0,0,1,0,0.9225806451999999,0.0599586492,0.0389351472,0.1301247772,0.2893890675,0.3058823529,0.5555555556,0.0,0.0050878222
1,0,0,0,0,0,0,0,0,0,0,0,0,0,0,0,0,0,1,0.9367741934999999,0.0671950379,0.0417497361,0.1515151515,0.3569131833,0.1411764706,0.3555555556,0.0,0.0060595504000000005
0,0,0,0,1,0,0,0,0,0,0,0,0,0,0,1,0,0,0,0.9329032258,0.0465196416,0.0207575935,0.2192513369,0.36977491960000003,0.2117647059,1.0,0.0,0.0560393825
0,0,0,0,1,0,0,0,0,0,0,0,0,0,0,1,0,0,0,0.9329032258,0.0465196416,0.0207575935,0.2192513369,0.4951768489,0.1411764706,0.6,0.0,0.0
0,0,0,0,0,0,0,0,0,0,1,0,1,0,0,0,0,0,0,0.9148387097,0.0837353549,0.0771666471,0.1016042781,0.5080385852,0.2941176471,0.4,0.0,0.0352755675
0,0,0,0,0,1,0,0,0,0,0,0,0,0,0,0,1,0,0,0.8967741935,0.32770503100000004,0.2592940073,0.0837789661,0.38906752409999995,0.7529411765,0.4,0.0,0.0017784460000000001
0,0,0,0,0,1,0,0,0,0,0,0,0,0,1,0,0,0,0,0.9264516129000001,0.20675396280000002,0.2869707986,0.16755793230000002,0.7170418006,0.4117647059,0.3,0.0,0.0644640827
0,0,0,0,0,1,0,0,0,0,0,0,0,0,0,0,0,0,1,0.9587096773999999,0.3538938663,0.3621437786,0.192513369,0.7781350481999999,0.23529411760000002,0.2555555556,0.0,0.0092405852
0,0,0,0,0,1,0,0,0,0,0,0,0,0,0,0,0,0,1,0.9677419355,0.41557546520000005,0.40143074939999995,0.320855615,0.6591639871,0.2941176471,1.0,0.0,0.0029243519
0,0,0,0,0,0,1,0,0,0,0,0,0,0,0,0,0,0,1,0.9651612903,0.2901447278,0.4539697432,0.1764705882,0.8038585209,0.1529411765,0.1,0.0,0.0016134354999999998
0,0,0,0,0,0,1,0,0,0,0,0,0,0,0,1,0,0,0,0.9677419355,0.34527911780000003,0.4872757124,0.26203208559999996,0.768488746,0.3529411765,0.4,0.0,0.006747094
0,0,0,0,0,0,1,0,0,0,0,0,0,0,0,1,0,0,0,0.9677419355,0.34527911780000003,0.4872757124,0.26203208559999996,0.5144694534,0.7882352940999999,0.45555555560000005,0.0,0.0020259616
0,0,0,0,0,0,1,0,0,0,0,0,0,0,0,0,1,0,0,0.9096774194,0.3542384562,0.4968922247,0.11408199640000001,0.6559485531,0.4941176471,0.5,0.0,0.2553353379
0,0,0,0,0,0,1,0,0,0,0,0,0,0,0,0,0,0,1,0.9612903226,0.3904203997,0.6474727337,0.1693404635,0.9003215434,0.11764705880000001,0.45555555560000005,0.0,0.002520993
0,0,0,0,0,0,1,0,0,0,0,0,0,0,0,0,0,0,1,0.9612903226,0.3904203997,0.6474727337,0.1693404635,0.9003215434,0.0823529412,0.5,0.0,0.0
0,0,1,0,0,0,0,0,0,0,0,0,0,0,0,1,0,0,0,0.9832258065,0.44521019990000005,0.6792541339,0.2513368984,0.6816720257,0.2941176471,0.6,0.0,0.0011825749000000001
0,0,1,0,0,0,0,0,0,0,0,0,0,0,0,1,0,0,0,0.9832258065,0.44521019990000005,0.6792541339,0.2513368984,0.9260450161,0.1411764706,0.5555555556,0.0,0.0
0,0,1,0,0,0,0,0,0,0,0,0,0,0,0,1,0,0,0,0.9832258065,0.44521019990000005,0.6792541339,0.2513368984,0.9935691318000001,0.11764705880000001,0.4,0.0,0.024229034500000003
0,0,1,0,0,0,0,0,0,0,0,0,0,0,0,0,1,0,0,0.9845161290000001,0.46312887659999996,0.6900433916,0.3796791444,0.9131832797,0.1529411765,0.3555555556,0.0,0.0018976201999999999
0,0,1,0,0,0,0,0,0,0,0,0,0,1,0,0,0,0,0,0.9858064515999999,0.483115093,0.7011844729000001,0.3155080214,0.7041800643,0.3294117647,0.6555555556,0.0,0.0018334495000000002
0,0,1,0,0,0,0,0,0,0,0,0,0,1,0,0,0,0,0,0.9858064515999999,0.483115093,0.7011844729000001,0.3155080214,0.7781350481999999,0.2235294118,0.3555555556,0.0,0.015034285500000001
0,0,1,0,0,0,0,0,0,0,0,0,0,1,0,0,0,0,0,0.9858064515999999,0.483115093,0.7011844729000001,0.3155080214,0.5530546624,0.6588235294,0.8,0.0,0.042811044699999995
0,0,1,0,0,0,0,0,0,0,0,0,0,0,0,0,0,1,0,0.9858064515999999,0.483115093,0.7011844729000001,0.3155080214,0.5916398714,0.5058823528999999,0.1,0.0,0.0
0,0,1,0,0,0,0,0,0,0,0,0,0,0,0,0,0,1,0,0.9858064515999999,0.483115093,0.7011844729000001,0.3155080214,0.8520900322,0.2117647059,0.4,0.0,0.0
0,0,1,0,0,0,0,0,0,0,0,0,0,0,0,0,0,0,1,0.9948387097,0.5199862164,0.7226457136,0.2459893048,0.9710610931999999,0.0705882353,0.45555555560000005,0.0,0.0
0,0,1,0,0,0,0,0,0,0,0,0,1,0,0,0,0,0,0,0.9961290323,0.5406616127,0.7337867949,0.201426025,0.9710610931999999,0.1411764706,0.2,0.0,0.0
0,0,1,0,0,0,0,0,0,0,0,0,1,0,0,0,0,0,0,0.9961290323,0.5406616127,0.7337867949,0.201426025,0.8135048232,0.1647058824,0.45555555560000005,0.0,0.0397125151
0,0,1,0,0,0,0,0,0,0,0,0,0,0,1,0,0,0,0,0.9974193548,0.5613370089999999,0.7448106016,0.2495543672,0.9196141479000001,0.1764705882,0.5,0.0,0.0078746654
0,0,1,0,0,0,0,0,0,0,0,0,0,0,0,0,1,0,0,1.0,0.6009648518,0.7668582151000001,0.29946524059999996,0.6977491961,0.3176470588,0.2,0.0,0.0
0,0,1,0,0,0,0,0,0,0,0,0,0,0,0,0,1,0,0,1.0,0.6009648518,0.7668582151000001,0.29946524059999996,0.9774919614,0.12941176470000001,0.3,0.0,0.0025393275
0,0,1,0,0,0,0,0,0,0,0,0,0,1,0,0,0,0,0,0.9987096773999999,0.6202618884000001,0.7778820218000001,0.2549019608,0.9678456592,0.1411764706,0.2,0.0,0.013457519
0,0,1,0,0,0,0,0,0,0,0,0,0,1,0,0,0,0,0,0.9987096773999999,0.6202618884000001,0.7778820218000001,0.2549019608,1.0,0.12941176470000001,0.2555555556,0.0,0.0371640204
0,0,1,0,0,0,0,0,0,0,0,0,0,1,0,0,0,0,0,0.9987096773999999,0.6202618884000001,0.7778820218000001,0.2549019608,0.807073955,0.5647058824,0.5,1.0,0.0099189615
0,0,1,0,0,0,0,0,0,0,0,0,0,1,0,0,0,0,0,0.9987096773999999,0.6202618884000001,0.7778820218000001,0.2549019608,0.6237942122,0.5882352941,0.5,0.125,0.0
0,0,1,0,0,0,0,0,0,0,0,0,0,1,0,0,0,0,0,0.9987096773999999,0.6202618884000001,0.7778820218000001,0.2549019608,0.6237942122,0.5882352941,0.5,0.125,0.0
0,0,1,0,0,0,0,0,0,0,0,0,0,1,0,0,0,0,0,0.9987096773999999,0.6202618884000001,0.7778820218000001,0.2549019608,0.5948553055,0.6352941176,0.5,0.0625,0.0
0,0,1,0,0,0,0,0,0,0,0,0,0,0,0,0,0,1,0,0.9780645161,0.4765678842,0.7988741644,0.3565062389,0.8681672026,0.1764705882,0.5,0.0,0.0017876132
0,0,1,0,0,0,0,0,0,0,0,0,0,0,0,0,0,1,0,0.9780645161,0.4765678842,0.7988741644,0.3565062389,0.8585209003000001,0.1647058824,0.5,0.0,0.0454603792
0,0,1,0,0,0,0,0,0,0,0,0,0,0,0,0,0,0,1,0.9329032258,0.5585802895,0.8637269849,0.18003565059999999,0.7877813505,0.23529411760000002,0.1555555556,0.0,0.0053170034
0,0,1,0,0,0,0,0,0,0,0,0,1,0,0,0,0,0,0,0.9329032258,0.5713301172,0.8733434970999999,0.1265597148,0.5241157556,0.6823529412,0.9,0.0,0.0
0,0,1,0,0,0,0,0,0,0,0,0,1,0,0,0,0,0,0,0.9329032258,0.5713301172,0.8733434970999999,0.1265597148,0.7620578778,0.3058823529,0.3555555556,0.0,0.0
0,0,1,0,0,0,0,0,0,0,0,0,1,0,0,0,0,0,0,0.9329032258,0.5713301172,0.8733434970999999,0.1265597148,0.7620578778,0.3058823529,0.3555555556,0.0,0.0
0,0,1,0,0,0,0,0,0,0,0,0,1,0,0,0,0,0,0,0.9329032258,0.5713301172,0.8733434970999999,0.1265597148,0.6077170418,0.6588235294,0.8,0.21875,0.0019892927
1,0,0,0,0,0,0,0,0,0,0,0,1,0,0,0,0,0,0,0.8709677418999999,0.0864920744,0.1013252023,0.0909090909,0.192926045,0.4235294118,0.7,0.0,0.0
0,1,0,0,0,0,0,0,0,0,0,0,0,1,0,0,0,0,0,0.9277419355,0.1181943487,0.7754192565000001,0.11942959,0.5080385852,0.2117647059,0.055555555599999994,0.0,0.0
0,1,0,0,0,0,0,0,0,0,0,0,0,0,1,0,0,0,0,0.9277419355,0.1467953136,0.7962941245,0.11942959,0.3987138264,0.2117647059,0.1,0.0,0.0
1,0,0,0,0,0,0,0,0,0,0,0,1,0,0,0,0,0,0,0.9419354839,0.11095796,0.0816230796,0.1604278075,0.1961414791,0.9647058824,0.4,0.03125,0.0
1,0,0,0,0,0,0,0,0,0,0,0,0,0,0,1,0,0,0,0.9109677419,0.1729841489,0.1105898909,0.17112299469999998,0.2958199357,0.9882352941,0.1555555556,0.0,0.0
0,0,1,0,0,0,0,0,0,0,0,0,0,0,0,1,0,0,0,0.9496774194,0.2901447278,0.5630350651,0.26203208559999996,0.6430868167,0.1647058824,0.5555555556,0.0,0.0
0,0,1,0,0,0,0,0,0,0,0,0,0,0,0,0,1,0,0,0.9496774194,0.3025499655,0.5719479301,0.1515151515,0.7041800643,0.1411764706,0.3,0.0,0.0
0,0,1,0,0,0,0,0,0,0,0,0,0,0,0,0,1,0,0,0.9393548387,0.4972432805,0.7039990618,0.19073083780000002,0.1864951768,0.8352941176,0.2,0.0,0.0
0,0,0,1,0,0,0,0,0,0,0,0,0,1,0,0,0,0,0,0.9329032258,0.4424534804,0.8029787733,0.1247771836,0.3504823151,0.5647058824,0.5555555556,0.0,0.0
0,0,0,1,0,0,0,0,0,0,0,0,0,0,1,0,0,0,0,0.9522580645000001,0.2994486561,0.8100152456999999,0.1265597148,0.6623794211999999,0.2941176471,0.4,0.0,0.0
0,0,0,1,0,0,0,0,0,0,0,0,0,0,1,0,0,0,0,0.9522580645000001,0.2994486561,0.8100152456999999,0.1265597148,0.5016077170000001,0.4235294118,0.7555555556,0.0,0.0
0,0,0,1,0,0,0,0,0,0,0,0,0,0,1,0,0,0,0,0.9561290323,0.2484493453,0.8269027794,0.4028520499,0.5498392283,0.27058823530000004,0.4,0.0,0.0
0,0,1,0,0,0,0,0,0,0,0,0,1,0,0,0,0,0,0,0.5780645161,0.2401791868,0.770962824,0.0142602496,0.4758842444,0.6705882353,0.7,0.0,0.0
0,0,0,1,0,0,0,0,0,0,0,0,0,0,0,0,1,0,0,0.9316129031999999,0.43211578219999996,0.7958250264,0.1247771836,0.61414791,0.3176470588,0.2,0.0,0.0
0,0,0,1,0,0,0,0,0,0,0,0,0,0,0,0,0,1,0,0.9574193548000001,0.45554789799999995,0.8111879911,0.1639928699,0.7781350481999999,0.0705882353,0.45555555560000005,0.0,0.0
0,0,0,1,0,0,0,0,0,0,0,0,1,0,0,0,0,0,0,0.9625806452,0.4827705031,0.8279582503,0.24777183600000002,0.6655948553000001,0.3411764706,0.5555555556,0.0,0.0
1,0,0,0,0,0,0,0,0,0,0,0,0,0,1,0,0,0,0,0.9419354839,0.1195727085,0.0854931394,0.1390374332,0.4147909968,0.1411764706,0.5555555556,0.0,0.0
0,1,0,0,0,0,0,0,0,0,0,0,0,0,0,0,1,0,0,0.8541935484000001,0.10923501029999999,0.769672804,0.0534759358,0.4662379421,0.3764705882,0.5,0.0,0.0
1,0,0,0,0,0,0,0,0,0,0,0,0,0,0,0,0,1,0,0.9096774194,0.0923501034,0.0737656855,0.11229946519999999,0.4405144695,0.23529411760000002,0.4,0.0,0.0
0,0,0,0,1,0,0,0,0,0,0,0,0,0,1,0,0,0,0,0.8722580645,0.09062715369999999,0.10460888939999999,0.0909090909,0.22829581989999997,0.3411764706,0.45555555560000005,0.0,0.0
0,0,0,1,0,0,0,0,0,0,0,0,0,1,0,0,0,0,0,0.9329032258,0.4424534804,0.8029787733,0.1247771836,0.5176848875,0.2941176471,0.2555555556,0.0,0.0
0,0,0,1,0,0,0,0,0,0,0,0,0,0,0,0,1,0,0,0.9432258065000001,0.266712612,0.8401548024,0.1639928699,0.5434083600999999,0.27058823530000004,0.2555555556,0.0,0.0
0,0,0,0,0,1,0,0,0,0,0,0,0,0,0,1,0,0,0,0.9754838709999999,0.328049621,0.22528439079999998,1.0,0.6045016077,0.3411764706,0.45555555560000005,0.0,0.0
0,0,1,0,0,0,0,0,0,0,0,0,0,0,1,0,0,0,0,0.9225806451999999,0.3783597519,0.6209686877,0.110516934,0.5562700965,0.3294117647,0.6,0.0,0.0
0,0,1,0,0,0,0,0,0,0,0,0,0,0,1,0,0,0,0,0.9651612903,0.4765678842,0.6875806262,0.3618538324,0.6913183279999999,0.2,0.6,0.0,0.0
0,0,1,0,0,0,0,0,0,0,0,0,0,0,0,1,0,0,0,0.9380645161,0.48690558240000004,0.6960243931,0.1889483066,0.4533762058,0.5294117647,0.5555555556,0.0,0.0
0,0,0,1,0,0,0,0,0,0,0,0,1,0,0,0,0,0,0,0.9509677419,0.4024810476,0.7741292365000001,0.2174688057,0.540192926,0.2235294118,0.6,0.0,0.0
0,0,0,1,0,0,0,0,0,0,0,0,0,0,0,0,1,0,0,0.9316129031999999,0.43211578219999996,0.7958250264,0.1247771836,0.5530546624,0.38823529409999996,0.1,0.0,0.0
0,0,0,1,0,0,0,0,0,0,0,0,0,0,1,0,0,0,0,0.9638709676999999,0.4972432805,0.8367538406999999,0.1443850267,0.9003215434,0.10588235289999999,0.2555555556,0.0,0.0
0,0,0,1,0,0,0,0,0,0,0,0,0,0,0,1,0,0,0,0.9651612903,0.5106822881,0.8451976076000001,0.1443850267,0.6623794211999999,0.2823529412,0.3555555556,0.0,0.0
0,0,0,1,0,0,0,0,0,0,0,0,1,0,0,0,0,0,0,0.9754838709999999,0.2894555479,0.8026269497,0.2834224599,0.7459807074,0.10588235289999999,0.3555555556,0.0,0.0
0,0,0,1,0,0,0,0,0,0,0,0,0,0,0,0,1,0,0,0.9019354839,0.3125430737,0.8232672687,0.1265597148,0.2893890675,0.7411764706,0.8,0.0,0.0
0,0,0,1,0,0,0,0,0,0,0,0,1,0,0,0,0,0,0,0.9019354839,0.2363886975,0.8196317579000001,0.1033868093,0.5916398714,0.25882352940000003,0.1555555556,0.0,0.0
0,0,0,1,0,0,0,0,0,0,0,0,0,0,0,1,0,0,0,0.9419354839,0.25671950379999997,0.83311833,0.1390374332,0.498392283,0.2823529412,0.3555555556,0.0,0.0
0,0,0,1,0,0,0,0,0,0,0,0,0,0,0,0,1,0,0,0.9432258065000001,0.266712612,0.8401548024,0.1639928699,0.6109324759,0.2,0.2555555556,0.0,0.0
0,0,0,1,0,0,0,0,0,0,0,0,0,1,0,0,0,0,0,0.9238709677,0.27429359059999997,0.8470740002,0.11229946519999999,0.5144694534,0.5529411765,0.45555555560000005,0.0,0.0
0,1,0,0,0,0,0,0,0,0,0,0,0,1,0,0,0,0,0,0.9277419355,0.1181943487,0.7754192565000001,0.11942959,0.6270096463,0.10588235289999999,0.45555555560000005,0.0,0.0
0,1,0,0,0,0,0,0,0,0,0,0,1,0,0,0,0,0,0,0.92,0.13921433490000001,0.7912513193,0.1550802139,0.2926045016,0.5294117647,0.5555555556,0.0,0.0
0,1,0,0,0,0,0,0,0,0,0,0,0,0,1,0,0,0,0,0.9277419355,0.1467953136,0.7962941245,0.11942959,0.5016077170000001,0.1411764706,0.4,0.0,0.0
1,0,0,0,0,0,0,0,0,0,0,0,0,1,0,0,0,0,0,0.8954838709999999,0.0847691247,0.07001290019999999,0.0677361854,0.3826366559,0.3294117647,0.2555555556,0.0,0.0
0,0,0,0,0,0,1,0,0,0,0,0,0,1,0,0,0,0,0,0.784516129,0.2050310131,0.4207810484,0.0267379679,0.6784565915999999,0.25882352940000003,0.3,0.0,0.0
0,0,1,0,0,0,0,0,0,0,0,0,0,0,1,0,0,0,0,0.9225806451999999,0.33011716059999996,0.7227629882,0.1586452763,0.5209003215,0.3176470588,0.7,0.0,0.0
0,0,1,0,0,0,0,0,0,0,0,0,0,1,0,0,0,0,0,0.9819354839,0.3694004135,0.7496188576999999,0.303030303,0.46302250799999994,0.4588235294,0.5555555556,0.0,0.0
0,0,0,1,0,0,0,0,0,0,0,0,0,0,1,0,0,0,0,0.9522580645000001,0.2994486561,0.8100152456999999,0.1265597148,0.5594855304999999,0.38823529409999996,0.2555555556,0.0,0.0
0,0,0,1,0,0,0,0,0,0,0,0,0,0,0,0,0,1,0,0.9212903226000001,0.2818745693,0.8535240999,0.110516934,0.3440514469,0.6941176470999999,0.5,0.0,0.0
0,0,0,1,0,0,0,0,0,0,0,0,0,0,0,0,0,1,0,0.9754838709999999,0.2894555479,0.8026269497,0.2834224599,0.7620578778,0.10588235289999999,0.4,0.0,0.0
0,0,0,1,0,0,0,0,0,0,0,0,0,0,0,0,1,0,0,0.9316129031999999,0.43211578219999996,0.7958250264,0.1247771836,0.4019292605,0.6470588235,0.3555555556,0.0,0.0
0,0,0,0,0,0,1,0,0,0,0,0,0,0,0,0,1,0,0,0.9741935484,0.210889042,0.5101442477,0.1960784314,0.6688102894,0.24705882350000002,0.3,0.0,0.0
1,0,0,0,0,0,0,0,0,0,0,0,0,0,0,0,1,0,0,0.8838709677,0.0785665059,0.0666119385,0.073083779,0.308681672,0.23529411760000002,0.1555555556,0.0,0.0
1,0,0,0,0,0,0,0,0,0,0,0,0,0,0,0,1,0,0,0.8890322581,0.17608545829999997,0.1124662836,0.08912655970000001,0.2829581994,0.3647058824,0.6,0.0,0.0
0,0,0,1,0,0,0,0,0,0,0,0,0,0,0,0,0,0,1,0.9574193548000001,0.4682977257,0.8191626598,0.1639928699,0.5980707395,0.0235294118,0.1,0.0,0.0
0,0,1,0,0,0,0,0,0,0,0,0,0,0,0,1,0,0,0,0.9225806451999999,0.3394210889,0.7309722059,0.11229946519999999,0.6205787781000001,0.2235294118,0.2,0.0,0.0
0,0,1,0,0,0,0,0,0,0,0,0,0,0,0,0,0,1,0,0.9470967742,0.3793935217,0.7578280755,0.17112299469999998,0.5852090032,0.3176470588,0.5,0.0,0.0
0,0,1,0,0,0,0,0,0,0,0,0,0,0,0,0,0,1,0,0.9470967742,0.3793935217,0.7578280755,0.17112299469999998,0.5852090032,0.3176470588,0.5,0.0,0.0
0,0,1,0,0,0,0,0,0,0,0,0,0,0,0,0,0,0,1,0.9419354839,0.39007580979999995,0.7662718423999999,0.11229946519999999,0.4951768489,0.3529411765,0.3555555556,0.0,0.0
0,0,0,1,0,0,0,0,0,0,0,0,0,0,0,0,0,0,1,0.9574193548000001,0.4682977257,0.8191626598,0.1639928699,0.8199356913,0.10588235289999999,0.2,0.0,0.0
0,0,0,1,0,0,0,0,0,0,0,0,0,1,0,0,0,0,0,0.9238709677,0.27429359059999997,0.8470740002,0.11229946519999999,0.5016077170000001,0.5647058824,0.5,0.0,0.0
0,1,0,0,0,0,0,0,0,0,0,0,0,0,0,1,0,0,0,0.9535483870999999,0.1564438318,0.802040577,0.1568627451,0.3729903537,0.4117647059,0.2555555556,0.0,0.0
0,0,0,0,0,0,0,1,0,0,0,0,0,0,0,0,1,0,0,0.8425806452,0.028256374900000002,0.0306086549,0.0374331551,0.3762057878,0.2941176471,0.5555555556,0.0,0.0
0,0,0,0,0,0,0,1,0,0,0,0,1,0,0,0,0,0,0,0.8761290323,0.0416953825,0.0411633634,0.0944741533,0.32475884239999997,0.4235294118,0.055555555599999994,0.0,0.0
1,0,0,0,0,0,0,0,0,0,0,0,0,0,0,1,0,0,0,0.9109677419,0.1729841489,0.1105898909,0.17112299469999998,0.2990353698,0.2823529412,0.6,0.0,0.0
1,0,0,0,0,0,0,0,0,0,0,0,0,0,0,1,0,0,0,0.9109677419,0.1729841489,0.1105898909,0.17112299469999998,0.1061093248,0.5176470588000001,0.6555555556,0.0,0.0
0,0,1,0,0,0,0,0,0,0,0,0,0,0,0,0,0,0,1,0.9587096773999999,0.255685734,0.5379383136,0.13725490199999998,0.5337620579,0.23529411760000002,0.5,0.0,0.0
0,0,1,0,0,0,0,0,0,0,0,0,0,0,0,1,0,0,0,0.9225806451999999,0.3394210889,0.7309722059,0.11229946519999999,0.5980707395,0.2117647059,0.2555555556,0.0,0.0
0,0,1,0,0,0,0,0,0,0,0,0,0,0,0,0,1,0,0,0.9341935484,0.3518263267,0.7398850709999999,0.1033868093,0.6720257234999999,0.1882352941,0.3,0.0,0.0
0,0,1,0,0,0,0,0,0,0,0,0,0,0,0,0,0,0,1,0.9419354839,0.39007580979999995,0.7662718423999999,0.11229946519999999,0.5273311897,0.3411764706,0.45555555560000005,0.0,0.0
0,0,0,1,0,0,0,0,0,0,0,0,1,0,0,0,0,0,0,0.9509677419,0.4024810476,0.7741292365000001,0.2174688057,0.6688102894,0.25882352940000003,0.45555555560000005,0.0,0.0
0,0,0,1,0,0,0,0,0,0,0,0,1,0,0,0,0,0,0,0.9509677419,0.4024810476,0.7741292365000001,0.2174688057,0.5594855304999999,0.2117647059,0.5555555556,0.0,0.0
0,0,0,1,0,0,0,0,0,0,0,0,1,0,0,0,0,0,0,0.9509677419,0.4024810476,0.7741292365000001,0.2174688057,0.5594855304999999,0.2117647059,0.6555555556,0.0,0.0
1,0,0,0,0,0,0,0,0,0,0,0,1,0,0,0,0,0,0,0.9419354839,0.11095796,0.0816230796,0.1604278075,0.4823151125,0.12941176470000001,0.45555555560000005,0.0,0.0
1,0,0,0,0,0,0,0,0,0,0,0,1,0,0,0,0,0,0,0.935483871,0.1626464507,0.10542981119999999,0.2228163993,0.4372990354,0.1411764706,0.8,0.0,0.0
0,0,0,1,0,0,0,0,0,0,0,0,1,0,0,0,0,0,0,0.9754838709999999,0.2894555479,0.8026269497,0.2834224599,0.498392283,0.25882352940000003,0.3555555556,0.0,0.0
1,0,0,0,0,0,0,0,0,0,0,0,1,0,0,0,0,0,0,0.9419354839,0.11095796,0.0816230796,0.1604278075,0.4308681672,0.11764705880000001,0.6555555556,0.0,0.0
0,0,1,0,0,0,0,0,0,0,0,0,0,1,0,0,0,0,0,0.9045161290000001,0.5037904893,0.7113873578000001,0.1604278075,0.48553054659999995,0.3294117647,0.45555555560000005,0.0,0.0
0,0,0,1,0,0,0,0,0,0,0,0,1,0,0,0,0,0,0,0.9625806452,0.4827705031,0.8279582503,0.24777183600000002,0.8167202572,0.1764705882,0.1,0.0,0.0
0,0,0,0,0,0,0,1,0,0,0,0,0,0,0,0,0,0,1,0.8451612903,0.0196416265,0.021930338900000002,0.13725490199999998,0.1446945338,0.7529411765,0.3,0.0,0.0
0,0,0,0,0,0,0,1,0,0,0,0,1,0,0,0,0,0,0,0.8761290323,0.0416953825,0.0411633634,0.0944741533,0.4340836013,0.3294117647,0.3,0.0,0.0
1,0,0,0,0,0,0,0,0,0,0,0,0,0,0,0,1,0,0,0.8890322581,0.17608545829999997,0.1124662836,0.08912655970000001,0.1961414791,0.6705882353,0.3,0.0,0.0
0,0,1,0,0,0,0,0,0,0,0,0,1,0,0,0,0,0,0,0.9212903226000001,0.3683666437,0.6120558227,0.2228163993,0.4019292605,0.6,0.2555555556,0.0,0.0
0,0,1,0,0,0,0,0,0,0,0,0,0,1,0,0,0,0,0,0.9329032258,0.41385251549999996,0.6493491263000001,0.1247771836,0.6237942122,0.0470588235,0.7,0.0,0.0
0,0,1,0,0,0,0,0,0,0,0,0,0,0,0,1,0,0,0,0.9380645161,0.48690558240000004,0.6960243931,0.1889483066,0.5562700965,0.2823529412,0.6555555556,0.0,0.0
0,0,1,0,0,0,0,0,0,0,0,0,0,0,0,1,0,0,0,0.9225806451999999,0.3394210889,0.7309722059,0.11229946519999999,0.5048231511,0.3411764706,0.2,0.0,0.0
0,0,1,0,0,0,0,0,0,0,0,0,0,1,0,0,0,0,0,0.9819354839,0.3694004135,0.7496188576999999,0.303030303,0.5273311897,0.4235294118,0.45555555560000005,0.0,0.0
0,0,1,0,0,0,0,0,0,0,0,0,0,0,0,0,0,1,0,0.9470967742,0.3793935217,0.7578280755,0.17112299469999998,0.46302250799999994,0.3764705882,0.055555555599999994,0.0,0.0
0,0,1,0,0,0,0,0,0,0,0,0,0,0,0,0,0,0,1,0.9419354839,0.39007580979999995,0.7662718423999999,0.11229946519999999,0.578778135,0.3529411765,0.3555555556,0.0,0.0
0,0,0,1,0,0,0,0,0,0,0,0,0,0,0,0,0,0,1,0.9574193548000001,0.4682977257,0.8191626598,0.1639928699,0.6205787781000001,0.0,0.055555555599999994,0.0,0.0
0,0,0,1,0,0,0,0,0,0,0,0,0,0,0,0,0,0,1,0.9574193548000001,0.4682977257,0.8191626598,0.1639928699,0.7459807074,0.1411764706,0.2,0.0,0.0
0,0,0,1,0,0,0,0,0,0,0,0,0,0,0,0,0,0,1,0.9574193548000001,0.4682977257,0.8191626598,0.1639928699,0.6495176849000001,0.2235294118,0.2,0.0,0.0
0,0,0,1,0,0,0,0,0,0,0,0,0,0,0,1,0,0,0,0.9651612903,0.5106822881,0.8451976076000001,0.1443850267,0.7427652733,0.24705882350000002,0.3555555556,0.0,0.0
1,0,0,0,0,0,0,0,0,0,0,0,0,0,1,0,0,0,0,0.9419354839,0.1195727085,0.0854931394,0.1390374332,0.4887459807,0.11764705880000001,0.5,0.0,0.0
0,0,1,0,0,0,0,0,0,0,0,0,0,0,1,0,0,0,0,0.9225806451999999,0.33011716059999996,0.7227629882,0.1586452763,0.4019292605,0.5176470588000001,0.6,0.0,0.0
1,0,0,0,0,0,0,0,0,0,0,0,1,0,0,0,0,0,0,0.9419354839,0.1195727085,0.0854931394,0.1390374332,0.4887459807,0.10588235289999999,0.5555555556,0.0,0.0
0,0,1,0,0,0,0,0,0,0,0,0,0,0,0,1,0,0,0,0.9496774194,0.2901447278,0.5630350651,0.26203208559999996,0.5980707395,0.2,0.6555555556,0.0,0.0
0,0,1,0,0,0,0,0,0,0,0,0,0,0,0,1,0,0,0,0.9380645161,0.48690558240000004,0.6960243931,0.1889483066,0.5144694534,0.3294117647,0.5,0.0,0.0
0,0,1,0,0,0,0,0,0,0,0,0,0,0,0,0,1,0,0,0.9341935484,0.3518263267,0.7398850709999999,0.1033868093,0.6816720257,0.0823529412,0.2555555556,0.0,0.0
0,0,0,1,0,0,0,0,0,0,0,0,0,0,0,1,0,0,0,0.9161290323000001,0.3063404549,0.816817169,0.08556149730000001,0.5016077170000001,0.5764705882,0.1,0.0,0.0
0,0,0,0,0,0,0,1,0,0,0,0,0,0,1,0,0,0,0,0.8412903226,0.023776705699999998,0.0261522224,0.0463458111,0.3376205788,0.38823529409999996,0.1555555556,0.0,0.0
1,0,0,0,0,0,0,0,0,0,0,0,0,0,1,0,0,0,0,0.6490322581,0.0044796691999999996,0.008912865,0.0124777184,0.4887459807,0.10588235289999999,0.5555555556,0.0,0.0
0,0,1,0,0,0,0,0,0,0,0,0,0,0,0,1,0,0,0,0.9380645161,0.48690558240000004,0.6960243931,0.1889483066,0.30225080390000003,0.8470588235,0.45555555560000005,0.0,0.0
0,0,1,0,0,0,0,0,0,0,0,0,0,0,0,1,0,0,0,0.9380645161,0.48690558240000004,0.6960243931,0.1889483066,0.5659163987,0.2823529412,0.5555555556,0.0,0.0
0,0,1,0,0,0,0,0,0,0,0,0,0,0,0,1,0,0,0,0.9380645161,0.48690558240000004,0.6960243931,0.1889483066,0.5659163987,0.2823529412,0.5555555556,0.0,0.0
0,0,1,0,0,0,0,0,0,0,0,0,0,1,0,0,0,0,0,0.9045161290000001,0.5037904893,0.7113873578000001,0.1604278075,0.3922829582,0.6,0.5555555556,0.0,0.0
0,0,1,0,0,0,0,0,0,0,0,0,0,1,0,0,0,0,0,0.9819354839,0.3694004135,0.7496188576999999,0.303030303,0.5755627010000001,0.2941176471,0.4,0.0,0.0
0,0,0,1,0,0,0,0,0,0,0,0,0,0,1,0,0,0,0,0.9522580645000001,0.41350792560000005,0.7816348070999999,0.1532976827,0.7041800643,0.1647058824,0.45555555560000005,0.0,0.0
0,0,0,0,0,0,0,0,1,0,0,0,0,0,1,0,0,0,0,0.8180645161,0.008959338399999999,0.0016418435999999998,0.0516934046,0.0996784566,0.7411764706,0.3,0.0,0.0
1,0,0,0,0,0,0,0,0,0,0,0,1,0,0,0,0,0,0,0.8670967742,0.0634045486,0.0579336226,0.0499108734,0.3376205788,0.4352941176,0.6555555556,0.0,0.0
1,0,0,0,0,0,0,0,0,0,0,0,0,0,0,0,0,0,1,0.9380645161,0.1019986216,0.0778702944,0.1336898396,0.5144694534,0.1647058824,0.3,0.0,0.0
0,0,1,0,0,0,0,0,0,0,0,0,0,0,0,1,0,0,0,0.9225806451999999,0.3394210889,0.7309722059,0.11229946519999999,0.6173633440999999,0.2117647059,0.3,0.0,0.0
0,0,0,1,0,0,0,0,0,0,0,0,0,0,1,0,0,0,0,0.9522580645000001,0.2994486561,0.8100152456999999,0.1265597148,0.5819935691,0.3529411765,0.3,0.0,0.0
0,0,0,1,0,0,0,0,0,0,0,0,0,0,0,0,1,0,0,0.9019354839,0.3125430737,0.8232672687,0.1265597148,0.4887459807,0.4823529412,0.5555555556,0.0,0.0
1,0,0,0,0,0,0,0,0,0,0,0,1,0,0,0,0,0,0,0.8670967742,0.0634045486,0.0579336226,0.0499108734,0.36977491960000003,0.3294117647,0.6,0.0,0.0
1,0,0,0,0,0,0,0,0,0,0,0,1,0,0,0,0,0,0,0.9419354839,0.11095796,0.0816230796,0.1604278075,0.5337620579,0.0352941176,0.45555555560000005,0.0,0.0
0,0,0,1,0,0,0,0,0,0,0,0,0,0,0,1,0,0,0,0.9161290323000001,0.3063404549,0.816817169,0.08556149730000001,0.6623794211999999,0.2823529412,0.3555555556,0.0,0.0
0,0,0,1,0,0,0,0,0,0,0,0,0,0,0,0,1,0,0,0.9432258065000001,0.266712612,0.8401548024,0.1639928699,0.536977492,0.23529411760000002,0.2555555556,0.0,0.0
1,0,0,0,0,0,0,0,0,0,0,0,0,1,0,0,0,0,0,0.8954838709999999,0.0847691247,0.07001290019999999,0.0677361854,0.4372990354,0.1411764706,0.8,0.0,0.0
1,0,0,0,0,0,0,0,0,0,0,0,0,1,0,0,0,0,0,0.8954838709999999,0.0847691247,0.07001290019999999,0.0677361854,0.4276527331,0.1411764706,0.6555555556,0.0,0.0
1,0,0,0,0,0,0,0,0,0,0,0,0,0,1,0,0,0,0,0.9419354839,0.1195727085,0.0854931394,0.1390374332,0.30225080390000003,0.1764705882,0.6555555556,0.0,0.0
1,0,0,0,0,0,0,0,0,0,0,0,0,0,1,0,0,0,0,0.9419354839,0.1195727085,0.0854931394,0.1390374332,0.41800643090000006,0.1411764706,0.5,0.0,0.0
1,0,0,0,0,0,0,0,0,0,0,0,0,0,0,0,1,0,0,0.9212903226000001,0.13301171609999998,0.0922950627,0.110516934,0.270096463,0.1764705882,0.4,0.0,0.0
0,0,1,0,0,0,0,0,0,0,0,0,0,0,0,0,0,0,1,0.9587096773999999,0.255685734,0.5379383136,0.13725490199999998,0.5594855304999999,0.24705882350000002,0.3,0.0,0.0
0,0,1,0,0,0,0,0,0,0,0,0,0,0,0,0,1,0,0,0.9393548387,0.4972432805,0.7039990618,0.19073083780000002,0.2604501608,0.6941176470999999,0.2,0.0,0.0
0,0,1,0,0,0,0,0,0,0,0,0,0,0,0,0,1,0,0,0.9393548387,0.4972432805,0.7039990618,0.19073083780000002,0.4790996785,0.3294117647,0.5555555556,0.0,0.0
0,0,0,1,0,0,0,0,0,0,0,0,0,0,0,1,0,0,0,0.9509677419,0.42384562369999995,0.7890231031,0.1515151515,0.652733119,0.3176470588,0.5555555556,0.0,0.0
0,0,0,1,0,0,0,0,0,0,0,0,0,1,0,0,0,0,0,0.8477419355,0.2491385252,0.7787029436,0.057040998200000005,0.5048231511,0.3529411765,0.3,0.0,0.0
0,0,0,1,0,0,0,0,0,0,0,0,1,0,0,0,0,0,0,0.9754838709999999,0.2894555479,0.8026269497,0.2834224599,0.5659163987,0.4117647059,0.5555555556,0.0,0.0
0,1,0,0,0,0,0,0,0,0,0,0,0,0,0,1,0,0,0,0.9535483870999999,0.1564438318,0.802040577,0.1568627451,0.5916398714,0.10588235289999999,0.5555555556,0.0,0.0
1,0,0,0,0,0,0,0,0,0,0,0,0,0,0,0,1,0,0,0.8890322581,0.17608545829999997,0.1124662836,0.08912655970000001,0.2186495177,0.4,0.2,0.0,0.0
0,0,0,1,0,0,0,0,0,0,0,0,1,0,0,0,0,0,0,0.9651612903,0.5106822881,0.8451976076000001,0.1443850267,0.4823151125,0.3294117647,0.3,0.0,0.0
0,1,0,0,0,0,0,0,0,0,0,0,0,0,0,0,0,1,0,0.9380645161,0.1268090972,0.7809311598,0.09269162210000001,0.4405144695,0.3647058824,0.3555555556,0.0,0.0
0,1,0,0,0,0,0,0,0,0,0,0,0,0,0,1,0,0,0,0.9535483870999999,0.1564438318,0.802040577,0.1568627451,0.424437299,0.23529411760000002,0.055555555599999994,0.0,0.0
0,0,1,0,0,0,0,0,0,0,0,0,0,0,1,0,0,0,0,0.9767741934999999,0.4993108201,0.7116219068999999,0.201426025,0.7524115756,0.3176470588,0.4,0.0,0.0
0,0,0,0,0,0,0,0,0,0,0,1,0,1,0,0,0,0,0,0.784516129,0.0065472088,0.1158672452,0.0196078431,0.308681672,0.1882352941,0.45555555560000005,0.0,0.0
